{
  "formatVersion": 1,
  "database": {
    "version": 6,
    "identityHash": "685ffd127b187e40ba0a294dfb5172ea",
    "entities": [
      {
        "tableName": "personas",
        "createSql": "CREATE TABLE IF NOT EXISTS `${TABLE_NAME}` (`nombre` TEXT NOT NULL, `nacimiento` TEXT NOT NULL, `id` INTEGER PRIMARY KEY AUTOINCREMENT NOT NULL)",
        "fields": [
          {
            "fieldPath": "nombre",
            "columnName": "nombre",
            "affinity": "TEXT",
            "notNull": true
          },
          {
            "fieldPath": "nacimiento",
            "columnName": "nacimiento",
            "affinity": "TEXT",
            "notNull": true
          },
          {
            "fieldPath": "id",
            "columnName": "id",
            "affinity": "INTEGER",
            "notNull": true
          }
        ],
        "primaryKey": {
          "columnNames": [
            "id"
          ],
          "autoGenerate": true
        },
        "indices": [],
        "foreignKeys": []
      },
      {
        "tableName": "cosas",
        "createSql": "CREATE TABLE IF NOT EXISTS `${TABLE_NAME}` (`nombre` TEXT NOT NULL, `personaId` INTEGER NOT NULL, `id` INTEGER PRIMARY KEY AUTOINCREMENT NOT NULL, FOREIGN KEY(`personaId`) REFERENCES `personas`(`id`) ON UPDATE NO ACTION ON DELETE NO ACTION )",
        "fields": [
          {
            "fieldPath": "nombre",
            "columnName": "nombre",
            "affinity": "TEXT",
            "notNull": true
          },
          {
            "fieldPath": "personaId",
            "columnName": "personaId",
            "affinity": "INTEGER",
            "notNull": true
          },
          {
            "fieldPath": "id",
            "columnName": "id",
            "affinity": "INTEGER",
            "notNull": true
          }
        ],
        "primaryKey": {
          "columnNames": [
            "id"
          ],
          "autoGenerate": true
        },
        "indices": [],
        "foreignKeys": [
          {
            "table": "personas",
            "onDelete": "NO ACTION",
            "onUpdate": "NO ACTION",
            "columns": [
              "personaId"
            ],
            "referencedColumns": [
              "id"
            ]
          }
        ]
      }
    ],
    "views": [],
    "setupQueries": [
      "CREATE TABLE IF NOT EXISTS room_master_table (id INTEGER PRIMARY KEY,identity_hash TEXT)",
      "INSERT OR REPLACE INTO room_master_table (id,identity_hash) VALUES(42, '685ffd127b187e40ba0a294dfb5172ea')"
    ]
  }
}