{
	"info": {
		"_postman_id": "477cde65-be7f-4531-a6db-efa86e2f81b9",
		"name": "Pruebas Examen Ej1",
		"schema": "https://schema.getpostman.com/json/collection/v2.1.0/collection.json",
		"_exporter_id": "30305512"
	},
	"item": [
		{
			"name": "getAlumnosAnidado",
			"request": {
				"method": "POST",
				"header": [],
				"body": {
					"mode": "graphql",
					"graphql": {
						"query": "query {\r\n    getAlumnos{\r\n        nombre\r\n        asignaturas{\r\n            nombre\r\n            nota\r\n        }\r\n    }\r\n}",
						"variables": ""
					}
				},
				"url": {
					"raw": "http://localhost:8080/graphql",
					"protocol": "http",
					"host": [
						"localhost"
					],
					"port": "8080",
					"path": [
						"graphql"
					]
				}
			},
			"response": []
		},
		{
			"name": "addAlumnoNombre",
			"request": {
				"method": "POST",
				"header": [],
				"body": {
					"mode": "graphql",
					"graphql": {
						"query": "mutation addAlumno{\r\n    addAlumno(nombre: \"Sam\"){\r\n        nombre\r\n    }\r\n}",
						"variables": ""
					}
				},
				"url": {
					"raw": "http://localhost:8080/graphql",
					"protocol": "http",
					"host": [
						"localhost"
					],
					"port": "8080",
					"path": [
						"graphql"
					]
				}
			},
			"response": []
		},
		{
			"name": "getAlumnosNombre",
			"request": {
				"method": "POST",
				"header": [],
				"body": {
					"mode": "graphql",
					"graphql": {
						"query": "query {\r\n    getAlumnos{\r\n        nombre\r\n    }\r\n}",
						"variables": ""
					}
				},
				"url": {
					"raw": "http://localhost:8080/graphql",
					"protocol": "http",
					"host": [
						"localhost"
					],
					"port": "8080",
					"path": [
						"graphql"
					]
				}
			},
			"response": []
		}
	]
}