{"v":"5.9.6","fr":29.9700012207031,"ip":0,"op":38.0000015477717,"w":1080,"h":1080,"nm":"pumpkin man","ddd":0,"assets":[{"id":"comp_0","nm":"1","fr":29.9700012207031,"layers":[{"ddd":0,"ind":1,"ty":4,"nm":"Shape Layer 1","sr":1,"ks":{"o":{"a":0,"k":100,"ix":11},"r":{"a":0,"k":0,"ix":10},"p":{"a":0,"k":[700.75,749,0],"ix":2,"l":2},"a":{"a":0,"k":[160.75,210.5,0],"ix":1,"l":2},"s":{"a":1,"k":[{"i":{"x":[0.833,0.833,0.833],"y":[0.833,0.833,0.833]},"o":{"x":[0.167,0.167,0.167],"y":[0.167,0.167,0.167]},"t":0,"s":[100,100,100]},{"i":{"x":[0.833,0.833,0.833],"y":[0.833,0.833,0.833]},"o":{"x":[0.167,0.167,0.167],"y":[0.167,0.167,0.167]},"t":7,"s":[87,100,100]},{"i":{"x":[0.833,0.833,0.833],"y":[0.833,0.833,0.833]},"o":{"x":[0.167,0.167,0.167],"y":[0.167,0.167,0.167]},"t":14,"s":[81,100,100]},{"i":{"x":[0.833,0.833,0.833],"y":[0.833,0.833,0.833]},"o":{"x":[0.167,0.167,0.167],"y":[0.167,0.167,0.167]},"t":19,"s":[100,100,100]},{"i":{"x":[0.833,0.833,0.833],"y":[0.833,0.833,0.833]},"o":{"x":[0.167,0.167,0.167],"y":[0.167,0.167,0.167]},"t":26,"s":[87,100,100]},{"i":{"x":[0.833,0.833,0.833],"y":[0.833,0.833,0.833]},"o":{"x":[0.167,0.167,0.167],"y":[0.167,0.167,0.167]},"t":33,"s":[81,100,100]},{"t":38.0000015477717,"s":[100,100,100]}],"ix":6,"l":2}},"ao":0,"shapes":[{"ty":"gr","it":[{"ind":0,"ty":"sh","ix":1,"ks":{"a":0,"k":{"i":[[0,0],[0,0]],"o":[[0,0],[0,0]],"v":[[-28,210.5],[349.5,210.5]],"c":false},"ix":2},"nm":"Path 1","mn":"ADBE Vector Shape - Group","hd":false},{"ty":"st","c":{"a":0,"k":[0,0,0,1],"ix":3},"o":{"a":0,"k":100,"ix":4},"w":{"a":0,"k":11,"ix":5},"lc":2,"lj":1,"ml":4,"bm":0,"nm":"Stroke 1","mn":"ADBE Vector Graphic - Stroke","hd":false},{"ty":"tr","p":{"a":0,"k":[0,0],"ix":2},"a":{"a":0,"k":[0,0],"ix":1},"s":{"a":0,"k":[100,100],"ix":3},"r":{"a":0,"k":0,"ix":6},"o":{"a":0,"k":100,"ix":7},"sk":{"a":0,"k":0,"ix":4},"sa":{"a":0,"k":0,"ix":5},"nm":"Transform"}],"nm":"Shape 1","np":3,"cix":2,"bm":0,"ix":1,"mn":"ADBE Vector Group","hd":false}],"ip":0,"op":900.000036657751,"st":0,"ct":1,"bm":0},{"ddd":0,"ind":2,"ty":4,"nm":"right hand Outlines 2","parent":10,"sr":1,"ks":{"o":{"a":0,"k":100,"ix":11},"r":{"a":0,"k":0,"ix":10},"p":{"a":0,"k":[41.709,78.404,0],"ix":2,"l":2},"a":{"a":0,"k":[326,220,0],"ix":1,"l":2},"s":{"a":0,"k":[100,100,100],"ix":6,"l":2}},"ao":0,"shapes":[{"ty":"gr","it":[{"ind":0,"ty":"sh","ix":1,"ks":{"a":1,"k":[{"i":{"x":0.667,"y":1},"o":{"x":0.333,"y":0},"t":0,"s":[{"i":[[0,0],[-17.858,-117.428]],"o":[[0,0],[0,0]],"v":[[53,-114.428],[36.429,51.428]],"c":false}]},{"i":{"x":0.667,"y":1},"o":{"x":0.333,"y":0},"t":6,"s":[{"i":[[0,0],[46.888,-105.343]],"o":[[0,0],[0,0]],"v":[[64.132,-113.395],[21.683,66.343]],"c":false}]},{"i":{"x":0.667,"y":1},"o":{"x":0.333,"y":0},"t":9,"s":[{"i":[[0,0],[74.734,-95.011]],"o":[[0,0],[0,0]],"v":[[78.948,-115.741],[45.837,63.011]],"c":false}]},{"i":{"x":0.667,"y":1},"o":{"x":0.333,"y":0},"t":14,"s":[{"i":[[0,0],[14.114,-116.15]],"o":[[0,0],[0,0]],"v":[[102.647,-119.659],[138.458,51.151]],"c":false}]},{"i":{"x":0.667,"y":1},"o":{"x":0.333,"y":0},"t":19,"s":[{"i":[[0,0],[-50.949,-105.15]],"o":[[0,0],[0,0]],"v":[[115.647,-120.659],[200.458,28.151]],"c":false}]},{"i":{"x":0.667,"y":1},"o":{"x":0.333,"y":0},"t":24,"s":[{"i":[[0,0],[-114.121,-50.106]],"o":[[0,0],[0,0]],"v":[[106.529,-122.026],[196.692,9.106]],"c":false}]},{"i":{"x":0.667,"y":1},"o":{"x":0.333,"y":0},"t":28,"s":[{"i":[[0,0],[-118.927,-74.463]],"o":[[0,0],[0,0]],"v":[[85.113,-116.609],[158.498,36.464]],"c":false}]},{"i":{"x":0.667,"y":1},"o":{"x":0.333,"y":0},"t":34,"s":[{"i":[[0,0],[-32.398,-134.909]],"o":[[0,0],[0,0]],"v":[[52.968,-107.625],[59.969,61.909]],"c":false}]},{"t":38.0000015477717,"s":[{"i":[[0,0],[-17.858,-117.428]],"o":[[0,0],[0,0]],"v":[[53,-114.428],[36.429,51.428]],"c":false}]}],"ix":2},"nm":"Path 1","mn":"ADBE Vector Shape - Group","hd":false},{"ty":"st","c":{"a":0,"k":[0.940292178883,0.734839046703,0.670154347139,1],"ix":3},"o":{"a":0,"k":100,"ix":4},"w":{"a":0,"k":45,"ix":5},"lc":2,"lj":1,"ml":10,"bm":0,"nm":"Stroke 1","mn":"ADBE Vector Graphic - Stroke","hd":false},{"ty":"tr","p":{"a":0,"k":[273,334.428],"ix":2},"a":{"a":0,"k":[0,0],"ix":1},"s":{"a":0,"k":[100,100],"ix":3},"r":{"a":0,"k":0,"ix":6},"o":{"a":0,"k":100,"ix":7},"sk":{"a":0,"k":0,"ix":4},"sa":{"a":0,"k":0,"ix":5},"nm":"Transform"}],"nm":"Group 1","np":2,"cix":2,"bm":0,"ix":1,"mn":"ADBE Vector Group","hd":false}],"ip":0,"op":300.00001221925,"st":0,"ct":1,"bm":0},{"ddd":0,"ind":3,"ty":4,"nm":"left shoe Outlines 2","parent":10,"sr":1,"ks":{"o":{"a":0,"k":100,"ix":11},"r":{"a":0,"k":0,"ix":10},"p":{"a":0,"k":[-0.568,392.428,0],"ix":2,"l":2},"a":{"a":0,"k":[21.215,9,0],"ix":1,"l":2},"s":{"a":0,"k":[67,67,100],"ix":6,"l":2}},"ao":0,"shapes":[{"ty":"gr","it":[{"ind":0,"ty":"sh","ix":1,"ks":{"a":1,"k":[{"i":{"x":0.833,"y":0.833},"o":{"x":0.333,"y":0},"t":0,"s":[{"i":[[0,0],[0,0]],"o":[[0,0],[0,0]],"v":[[9,9],[33.429,9]],"c":false}]},{"i":{"x":0.833,"y":0.833},"o":{"x":0.167,"y":0.167},"t":3,"s":[{"i":[[0,0],[0,0]],"o":[[0,0],[0,0]],"v":[[36.081,-22.238],[59.084,-6.981]],"c":false}]},{"i":{"x":0.667,"y":1},"o":{"x":0.167,"y":0.167},"t":5,"s":[{"i":[[0,0],[0,0]],"o":[[0,0],[0,0]],"v":[[67.239,-49.94],[84.009,-28.054]],"c":false}]},{"i":{"x":0.833,"y":0.833},"o":{"x":0.333,"y":0},"t":6,"s":[{"i":[[0,0],[0,0]],"o":[[0,0],[0,0]],"v":[[79.255,-61.275],[90.684,-40.775]],"c":false}]},{"i":{"x":0.833,"y":0.833},"o":{"x":0.167,"y":0.167},"t":7,"s":[{"i":[[0,0],[0,0]],"o":[[0,0],[0,0]],"v":[[86.475,-69.085],[100.953,-44.656]],"c":false}]},{"i":{"x":0.667,"y":1},"o":{"x":0.167,"y":0.167},"t":8,"s":[{"i":[[0,0],[0,0]],"o":[[0,0],[0,0]],"v":[[93.274,-74.225],[110.466,-51.357]],"c":false}]},{"i":{"x":0.667,"y":1},"o":{"x":0.333,"y":0},"t":9,"s":[{"i":[[0,0],[0,0]],"o":[[0,0],[0,0]],"v":[[109.746,-80.098],[126.675,-62.598]],"c":false}]},{"i":{"x":0.667,"y":1},"o":{"x":0.333,"y":0},"t":11,"s":[{"i":[[0,0],[0,0]],"o":[[0,0],[0,0]],"v":[[154.15,-96.099],[177.594,-78.022]],"c":false}]},{"i":{"x":0.667,"y":1},"o":{"x":0.333,"y":0},"t":14,"s":[{"i":[[0,0],[-10.86,4.733]],"o":[[0,0],[8.596,-3.746]],"v":[[205.177,-104.673],[238.384,-107.334]],"c":false}]},{"i":{"x":0.667,"y":1},"o":{"x":0.333,"y":0},"t":17,"s":[{"i":[[0,0],[-7.643,11.107]],"o":[[0,0],[5.315,-7.724]],"v":[[242.777,-46.027],[271.087,-57.463]],"c":false}]},{"i":{"x":0.667,"y":1},"o":{"x":0.333,"y":0},"t":19,"s":[{"i":[[0,0],[-3.416,15.615]],"o":[[0,0],[2.004,-9.16]],"v":[[280.765,3.649],[303.041,-16.459]],"c":false}]},{"i":{"x":0.833,"y":0.833},"o":{"x":0.333,"y":0},"t":24,"s":[{"i":[[0,0],[-16.072,1.24]],"o":[[0,0],[9.349,-0.721]],"v":[[208.84,-23.066],[241.711,-23.562]],"c":false}]},{"i":{"x":0.667,"y":1},"o":{"x":0.167,"y":0.167},"t":27,"s":[{"i":[[0,0],[-14.867,0.194]],"o":[[0,0],[9.372,-0.113]],"v":[[167.636,2.822],[196.303,5.722]],"c":false}]},{"i":{"x":0.833,"y":0.833},"o":{"x":0.333,"y":0},"t":28,"s":[{"i":[[0,0],[-14.643,0]],"o":[[0,0],[9.377,0]],"v":[[158.81,2.427],[186.697,5.955]],"c":false}]},{"i":{"x":0.833,"y":0.833},"o":{"x":0.167,"y":0.167},"t":31,"s":[{"i":[[0,0],[-15.283,0.162]],"o":[[0,0],[9.376,-0.099]],"v":[[114.681,-14.326],[141.045,-3.96]],"c":false}]},{"i":{"x":0.833,"y":0.833},"o":{"x":0.167,"y":0.167},"t":32,"s":[{"i":[[0,0],[-15.972,2.718]],"o":[[0,0],[9.244,-1.573]],"v":[[92.981,-29.247],[118.517,-21.051]],"c":false}]},{"i":{"x":0.667,"y":1},"o":{"x":0.167,"y":0.167},"t":33,"s":[{"i":[[0,0],[-14.762,0.03]],"o":[[0,0],[9.376,-0.019]],"v":[[80.02,-35.512],[104.728,-29.485]],"c":false}]},{"i":{"x":0.667,"y":1},"o":{"x":0.333,"y":0},"t":34,"s":[{"i":[[0,0],[-14.643,0]],"o":[[0,0],[9.377,0]],"v":[[72.276,-34.255],[104.671,-32.663]],"c":false}]},{"t":38.0000015477717,"s":[{"i":[[0,0],[0,0]],"o":[[0,0],[0,0]],"v":[[9,9],[33.429,9]],"c":false}]}],"ix":2},"nm":"Path 1","mn":"ADBE Vector Shape - Group","hd":false},{"ty":"st","c":{"a":0,"k":[0.820420807483,0.69531435499,0.278130086263,1],"ix":3},"o":{"a":0,"k":100,"ix":4},"w":{"a":0,"k":20,"ix":5},"lc":2,"lj":1,"ml":10,"bm":0,"nm":"Stroke 1","mn":"ADBE Vector Graphic - Stroke","hd":false},{"ty":"tr","p":{"a":0,"k":[0,0],"ix":2},"a":{"a":0,"k":[0,0],"ix":1},"s":{"a":0,"k":[100,100],"ix":3},"r":{"a":0,"k":0,"ix":6},"o":{"a":0,"k":100,"ix":7},"sk":{"a":0,"k":0,"ix":4},"sa":{"a":0,"k":0,"ix":5},"nm":"Transform"}],"nm":"Group 1","np":2,"cix":2,"bm":0,"ix":1,"mn":"ADBE Vector Group","hd":false}],"ip":0,"op":300.00001221925,"st":0,"ct":1,"bm":0},{"ddd":0,"ind":4,"ty":4,"nm":"left leg Outlines 2","parent":10,"sr":1,"ks":{"o":{"a":0,"k":100,"ix":11},"r":{"a":0,"k":0,"ix":10},"p":{"a":0,"k":[80.353,185.284,0],"ix":2,"l":2},"a":{"a":0,"k":[138.733,9,0],"ix":1,"l":2},"s":{"a":0,"k":[67,67,100],"ix":6,"l":2}},"ao":0,"shapes":[{"ty":"gr","it":[{"ind":0,"ty":"sh","ix":1,"ks":{"a":1,"k":[{"i":{"x":0.667,"y":1},"o":{"x":0.333,"y":0},"t":0,"s":[{"i":[[0,0],[0,0]],"o":[[0,0],[0,0]],"v":[[64.867,-150.374],[-64.867,150.374]],"c":false}]},{"i":{"x":0.667,"y":1},"o":{"x":0.333,"y":0},"t":8,"s":[{"i":[[0,0],[207.6,-119.058]],"o":[[0,0],[-207.6,119.058]],"v":[[64.867,-150.374],[21.748,76.266]],"c":false}]},{"i":{"x":0.667,"y":1},"o":{"x":0.333,"y":0},"t":11,"s":[{"i":[[0,0],[183.149,-171.996]],"o":[[0,0],[-174.451,163.828]],"v":[[64.867,-150.374],[83.845,53.015]],"c":false}]},{"i":{"x":0.667,"y":1},"o":{"x":0.333,"y":0},"t":14,"s":[{"i":[[0,0],[99.866,-199.779]],"o":[[0,0],[-107.006,214.062]],"v":[[64.867,-150.374],[134.413,42.272]],"c":false}]},{"i":{"x":0.667,"y":1},"o":{"x":0.333,"y":0},"t":17,"s":[{"i":[[0,0],[-1.607,-187.238]],"o":[[0,0],[2.054,239.308]],"v":[[64.867,-150.374],[170.183,98.091]],"c":false}]},{"i":{"x":0.667,"y":1},"o":{"x":0.333,"y":0},"t":19,"s":[{"i":[[0,0],[-63.95,-162.17]],"o":[[0,0],[87.792,222.631]],"v":[[64.867,-150.374],[202.683,148.591]],"c":false}]},{"i":{"x":0.833,"y":0.833},"o":{"x":0.333,"y":0},"t":24,"s":[{"i":[[0,0],[45.311,-166.927]],"o":[[0,0],[-62.692,230.958]],"v":[[64.867,-150.374],[135.818,124.196]],"c":false}]},{"i":{"x":0.667,"y":1},"o":{"x":0.167,"y":0.167},"t":27,"s":[{"i":[[0,0],[86.96,-152.382]],"o":[[0,0],[-117.728,206.742]],"v":[[64.867,-150.374],[93.669,151.666]],"c":false}]},{"i":{"x":0.833,"y":0.833},"o":{"x":0.333,"y":0},"t":28,"s":[{"i":[[0,0],[94.673,-149.689]],"o":[[0,0],[-127.92,202.257]],"v":[[64.867,-150.374],[86.961,148.134]],"c":false}]},{"i":{"x":0.833,"y":0.833},"o":{"x":0.167,"y":0.167},"t":32,"s":[{"i":[[0,0],[94.673,-149.689]],"o":[[0,0],[-127.92,202.257]],"v":[[64.867,-150.374],[21.635,120.288]],"c":false}]},{"i":{"x":0.667,"y":1},"o":{"x":0.167,"y":0.167},"t":33,"s":[{"i":[[0,0],[94.673,-149.689]],"o":[[0,0],[-127.92,202.257]],"v":[[64.867,-150.374],[10.375,107.888]],"c":false}]},{"i":{"x":0.667,"y":1},"o":{"x":0.333,"y":0},"t":34,"s":[{"i":[[0,0],[94.673,-149.689]],"o":[[0,0],[-127.92,202.257]],"v":[[64.867,-150.374],[-0.707,112.492]],"c":false}]},{"t":38.0000015477717,"s":[{"i":[[0,0],[0,0]],"o":[[0,0],[0,0]],"v":[[64.867,-150.374],[-64.867,150.374]],"c":false}]}],"ix":2},"nm":"Path 1","mn":"ADBE Vector Shape - Group","hd":false},{"ty":"st","c":{"a":0,"k":[0.203373763141,0.203600565592,0.203484329523,1],"ix":3},"o":{"a":0,"k":100,"ix":4},"w":{"a":0,"k":25,"ix":5},"lc":2,"lj":1,"ml":10,"bm":0,"nm":"Stroke 1","mn":"ADBE Vector Graphic - Stroke","hd":false},{"ty":"tr","p":{"a":0,"k":[73.867,159.374],"ix":2},"a":{"a":0,"k":[0,0],"ix":1},"s":{"a":0,"k":[100,100],"ix":3},"r":{"a":0,"k":-0.729,"ix":6},"o":{"a":0,"k":100,"ix":7},"sk":{"a":0,"k":0,"ix":4},"sa":{"a":0,"k":0,"ix":5},"nm":"Transform"}],"nm":"Group 1","np":2,"cix":2,"bm":0,"ix":1,"mn":"ADBE Vector Group","hd":false}],"ip":0,"op":300.00001221925,"st":0,"ct":1,"bm":0},{"ddd":0,"ind":5,"ty":4,"nm":"antena Outlines","parent":8,"sr":1,"ks":{"o":{"a":0,"k":100,"ix":11},"r":{"a":0,"k":0,"ix":10},"p":{"a":0,"k":[9.882,-14.239,0],"ix":2,"l":2},"a":{"a":0,"k":[30.153,41.419,0],"ix":1,"l":2},"s":{"a":0,"k":[100,100,100],"ix":6,"l":2}},"ao":0,"shapes":[{"ty":"gr","it":[{"ind":0,"ty":"sh","ix":1,"ks":{"a":1,"k":[{"i":{"x":0.667,"y":1},"o":{"x":0.333,"y":0},"t":0,"s":[{"i":[[0,0],[15.306,18.919]],"o":[[0,0],[0,0]],"v":[[7.653,18.918],[-7.653,-18.918]],"c":false}]},{"i":{"x":0.667,"y":1},"o":{"x":0.333,"y":0},"t":6,"s":[{"i":[[0,0],[18.756,11.215]],"o":[[0,0],[0,0]],"v":[[7.653,18.918],[-11.157,-15.404]],"c":false}]},{"i":{"x":0.667,"y":1},"o":{"x":0.333,"y":0},"t":9,"s":[{"i":[[0,0],[9.673,20.331]],"o":[[0,0],[0,0]],"v":[[7.653,18.918],[-2.043,-21.975]],"c":false}]},{"i":{"x":0.667,"y":1},"o":{"x":0.333,"y":0},"t":14,"s":[{"i":[[0,0],[-8.699,22.608]],"o":[[0,0],[0,0]],"v":[[7.653,18.918],[12.149,-20.669]],"c":false}]},{"i":{"x":0.667,"y":1},"o":{"x":0.333,"y":0},"t":19,"s":[{"i":[[0,0],[9.673,20.331]],"o":[[0,0],[0,0]],"v":[[7.653,18.918],[-2.043,-21.975]],"c":false}]},{"i":{"x":0.667,"y":1},"o":{"x":0.333,"y":0},"t":24,"s":[{"i":[[0,0],[18.756,11.215]],"o":[[0,0],[0,0]],"v":[[7.653,18.918],[-11.157,-15.404]],"c":false}]},{"i":{"x":0.667,"y":1},"o":{"x":0.333,"y":0},"t":28,"s":[{"i":[[0,0],[9.673,20.331]],"o":[[0,0],[0,0]],"v":[[7.653,18.918],[-2.043,-21.975]],"c":false}]},{"i":{"x":0.667,"y":1},"o":{"x":0.333,"y":0},"t":34,"s":[{"i":[[0,0],[18.756,11.215]],"o":[[0,0],[0,0]],"v":[[7.653,18.918],[-11.157,-15.404]],"c":false}]},{"t":38.0000015477717,"s":[{"i":[[0,0],[15.306,18.919]],"o":[[0,0],[0,0]],"v":[[7.653,18.918],[-7.653,-18.918]],"c":false}]}],"ix":2},"nm":"Path 1","mn":"ADBE Vector Shape - Group","hd":false},{"ty":"st","c":{"a":0,"k":[0.412102403828,0.555334173464,0.318436117733,1],"ix":3},"o":{"a":0,"k":100,"ix":4},"w":{"a":0,"k":9,"ix":5},"lc":2,"lj":1,"ml":10,"bm":0,"nm":"Stroke 1","mn":"ADBE Vector Graphic - Stroke","hd":false},{"ty":"tr","p":{"a":0,"k":[30.153,41.419],"ix":2},"a":{"a":0,"k":[0,0],"ix":1},"s":{"a":0,"k":[100,100],"ix":3},"r":{"a":0,"k":0,"ix":6},"o":{"a":0,"k":100,"ix":7},"sk":{"a":0,"k":0,"ix":4},"sa":{"a":0,"k":0,"ix":5},"nm":"Transform"}],"nm":"Group 1","np":2,"cix":2,"bm":0,"ix":1,"mn":"ADBE Vector Group","hd":false}],"ip":0,"op":900.000036657751,"st":0,"ct":1,"bm":0},{"ddd":0,"ind":6,"ty":4,"nm":"smile Outlines","parent":8,"sr":1,"ks":{"o":{"a":0,"k":100,"ix":11},"r":{"a":0,"k":0,"ix":10},"p":{"a":0,"k":[32.642,74.384,0],"ix":2,"l":2},"a":{"a":0,"k":[20.26,14.612,0],"ix":1,"l":2},"s":{"a":0,"k":[100,100,100],"ix":6,"l":2}},"ao":0,"shapes":[{"ty":"gr","it":[{"ind":0,"ty":"sh","ix":1,"ks":{"a":0,"k":{"i":[[0,0],[8.724,3.306]],"o":[[0,0],[0,0]],"v":[[7.76,-2.112],[-7.76,-1.194]],"c":false},"ix":2},"nm":"Path 1","mn":"ADBE Vector Shape - Group","hd":false},{"ty":"st","c":{"a":0,"k":[0.203373763141,0.203600565592,0.203484329523,1],"ix":3},"o":{"a":0,"k":100,"ix":4},"w":{"a":0,"k":5,"ix":5},"lc":2,"lj":1,"ml":10,"bm":0,"nm":"Stroke 1","mn":"ADBE Vector Graphic - Stroke","hd":false},{"ty":"tr","p":{"a":0,"k":[20.26,14.612],"ix":2},"a":{"a":0,"k":[0,0],"ix":1},"s":{"a":0,"k":[100,100],"ix":3},"r":{"a":0,"k":0,"ix":6},"o":{"a":0,"k":100,"ix":7},"sk":{"a":0,"k":0,"ix":4},"sa":{"a":0,"k":0,"ix":5},"nm":"Transform"}],"nm":"Group 1","np":2,"cix":2,"bm":0,"ix":1,"mn":"ADBE Vector Group","hd":false}],"ip":0,"op":900.000036657751,"st":0,"ct":1,"bm":0},{"ddd":0,"ind":7,"ty":0,"nm":"eyes","parent":8,"refId":"comp_1","sr":1,"ks":{"o":{"a":0,"k":100,"ix":11},"r":{"a":0,"k":0,"ix":10},"p":{"a":0,"k":[-124.833,301.844,0],"ix":2,"l":2},"a":{"a":0,"k":[540,540,0],"ix":1,"l":2},"s":{"a":0,"k":[100,100,100],"ix":6,"l":2}},"ao":0,"w":1080,"h":1080,"ip":0,"op":900.000036657751,"st":0,"bm":0},{"ddd":0,"ind":8,"ty":4,"nm":"head Outlines","parent":10,"sr":1,"ks":{"o":{"a":0,"k":100,"ix":11},"r":{"a":1,"k":[{"i":{"x":[0.667],"y":[1]},"o":{"x":[0.333],"y":[0]},"t":0,"s":[0]},{"i":{"x":[0.667],"y":[1]},"o":{"x":[0.333],"y":[0]},"t":6,"s":[-9]},{"i":{"x":[0.667],"y":[1]},"o":{"x":[0.333],"y":[0]},"t":9,"s":[-11]},{"i":{"x":[0.667],"y":[1]},"o":{"x":[0.333],"y":[0]},"t":14,"s":[3]},{"i":{"x":[0.667],"y":[1]},"o":{"x":[0.333],"y":[0]},"t":19,"s":[3]},{"i":{"x":[0.667],"y":[1]},"o":{"x":[0.333],"y":[0]},"t":24,"s":[-8]},{"i":{"x":[0.667],"y":[1]},"o":{"x":[0.333],"y":[0]},"t":28,"s":[-8]},{"i":{"x":[0.667],"y":[1]},"o":{"x":[0.333],"y":[0]},"t":34,"s":[-3]},{"t":38.0000015477717,"s":[0]}],"ix":10},"p":{"a":0,"k":[111.82,-20.586,0],"ix":2,"l":2},"a":{"a":0,"k":[28.707,87.425,0],"ix":1,"l":2},"s":{"a":0,"k":[100,100,100],"ix":6,"l":2}},"ao":0,"shapes":[{"ty":"gr","it":[{"ind":0,"ty":"sh","ix":1,"ks":{"a":0,"k":{"i":[[0,0],[0,0],[0,0],[9.304,-1.501],[-1.501,-9.303]],"o":[[0,0],[0,0],[-1.501,-9.303],[-9.303,1.501],[0,0]],"v":[[-15.545,13.941],[18.146,8.508],[17.046,1.688],[-2.517,-12.44],[-16.645,7.122]],"c":true},"ix":2},"nm":"Path 1","mn":"ADBE Vector Shape - Group","hd":false},{"ty":"fl","c":{"a":0,"k":[0.412102403828,0.555334173464,0.318436117733,1],"ix":4},"o":{"a":0,"k":100,"ix":5},"r":1,"bm":0,"nm":"Fill 1","mn":"ADBE Vector Graphic - Fill","hd":false},{"ty":"tr","p":{"a":0,"k":[18.396,14.191],"ix":2},"a":{"a":0,"k":[0,0],"ix":1},"s":{"a":0,"k":[100,100],"ix":3},"r":{"a":0,"k":0,"ix":6},"o":{"a":0,"k":100,"ix":7},"sk":{"a":0,"k":0,"ix":4},"sa":{"a":0,"k":0,"ix":5},"nm":"Transform"}],"nm":"Group 1","np":2,"cix":2,"bm":0,"ix":1,"mn":"ADBE Vector Group","hd":false},{"ty":"gr","it":[{"ind":0,"ty":"sh","ix":1,"ks":{"a":0,"k":{"i":[[0,0],[0,0]],"o":[[0,0],[0,0]],"v":[[-5.186,-35.101],[5.186,35.101]],"c":false},"ix":2},"nm":"Path 1","mn":"ADBE Vector Shape - Group","hd":false},{"ty":"st","c":{"a":0,"k":[0.978047987994,0.724269911822,0.670923090916,1],"ix":3},"o":{"a":0,"k":100,"ix":4},"w":{"a":0,"k":33,"ix":5},"lc":2,"lj":1,"ml":10,"bm":0,"nm":"Stroke 1","mn":"ADBE Vector Graphic - Stroke","hd":false},{"ty":"tr","p":{"a":0,"k":[23.728,53.25],"ix":2},"a":{"a":0,"k":[0,0],"ix":1},"s":{"a":0,"k":[100,100],"ix":3},"r":{"a":0,"k":0,"ix":6},"o":{"a":0,"k":100,"ix":7},"sk":{"a":0,"k":0,"ix":4},"sa":{"a":0,"k":0,"ix":5},"nm":"Transform"}],"nm":"Group 2","np":2,"cix":2,"bm":0,"ix":2,"mn":"ADBE Vector Group","hd":false}],"ip":0,"op":900.000036657751,"st":0,"ct":1,"bm":0},{"ddd":0,"ind":9,"ty":4,"nm":"pumpkin head Outlines","parent":10,"sr":1,"ks":{"o":{"a":0,"k":100,"ix":11},"r":{"a":0,"k":0,"ix":10},"p":{"a":1,"k":[{"i":{"x":0.667,"y":1},"o":{"x":0.333,"y":0},"t":0,"s":[144.974,103.73,0],"to":[3.436,-0.886,0],"ti":[-4.74,1.177,0]},{"i":{"x":0.667,"y":1},"o":{"x":0.333,"y":0},"t":6,"s":[165.589,98.413,0],"to":[4.74,-1.177,0],"ti":[-3.083,0.845,0]},{"i":{"x":0.667,"y":1},"o":{"x":0.333,"y":0},"t":9,"s":[173.413,96.667,0],"to":[3.083,-0.845,0],"ti":[-4.446,1.221,0]},{"i":{"x":0.667,"y":1},"o":{"x":0.333,"y":0},"t":14,"s":[184.087,93.342,0],"to":[4.446,-1.221,0],"ti":[0,0,0]},{"i":{"x":0.667,"y":1},"o":{"x":0.333,"y":0},"t":19,"s":[200.087,89.342,0],"to":[0,0,0],"ti":[4.446,-1.221,0]},{"i":{"x":0.667,"y":1},"o":{"x":0.333,"y":0},"t":24,"s":[184.087,93.342,0],"to":[-4.446,1.221,0],"ti":[1.779,-0.554,0]},{"i":{"x":0.667,"y":0.667},"o":{"x":0.333,"y":0.333},"t":28,"s":[173.413,96.667,0],"to":[0,0,0],"ti":[0,0,0]},{"i":{"x":0.667,"y":1},"o":{"x":0.333,"y":0},"t":32,"s":[173.413,96.667,0],"to":[-1.304,0.291,0],"ti":[4.74,-1.177,0]},{"i":{"x":0.667,"y":1},"o":{"x":0.333,"y":0},"t":35,"s":[165.589,98.413,0],"to":[-4.74,1.177,0],"ti":[3.436,-0.886,0]},{"t":38.0000015477717,"s":[144.974,103.73,0]}],"ix":2,"l":2},"a":{"a":0,"k":[59.393,52.291,0],"ix":1,"l":2},"s":{"a":0,"k":[100,100,100],"ix":6,"l":2}},"ao":0,"hasMask":true,"masksProperties":[{"inv":false,"mode":"a","pt":{"a":1,"k":[{"i":{"x":0.667,"y":1},"o":{"x":0.333,"y":0},"t":0,"s":[{"i":[[0,0],[1,-1.5],[7.5,-24],[-7,-76],[0,0],[22,85.125]],"o":[[0,0],[-1,1.5],[-7.5,24],[7,76],[0,0],[-36.5,-108]],"v":[[-14.801,-19.607],[-23.802,-14.607],[-43.801,13.893],[-36.301,115.893],[80.199,151.393],[128.199,27.018]],"c":true}]},{"i":{"x":0.667,"y":1},"o":{"x":0.333,"y":0},"t":6,"s":[{"i":[[0,0],[1,-1.5],[7.5,-24],[-7,-76],[0,0],[22.07,63.202]],"o":[[0,0],[-1,1.5],[-7.5,24],[7,76],[0,0],[-36.5,-108]],"v":[[-14.801,-19.607],[-23.802,-14.607],[-43.801,13.893],[-36.301,115.893],[80.199,151.393],[105.937,30.723]],"c":true}]},{"i":{"x":0.667,"y":1},"o":{"x":0.333,"y":0},"t":9,"s":[{"i":[[0,0],[1,-1.5],[7.5,-24],[-7,-76],[0,0],[17.883,59.406]],"o":[[0,0],[-1,1.5],[-7.5,24],[7,76],[0,0],[-40.837,-105.185]],"v":[[-14.801,-19.607],[-23.802,-14.607],[-43.801,13.893],[-36.301,115.893],[78.632,136.708],[99.361,33.156]],"c":true}]},{"i":{"x":0.667,"y":1},"o":{"x":0.333,"y":0},"t":14,"s":[{"i":[[0,0],[1,-1.5],[7.5,-24],[-7,-76],[0,0],[15.492,54.75]],"o":[[0,0],[-1,1.5],[-7.5,24],[7,76],[0,0],[-35.531,-95.149]],"v":[[-14.801,-19.607],[-23.802,-14.607],[-43.801,13.893],[-36.301,115.893],[75.611,128.515],[89.54,36.251]],"c":true}]},{"i":{"x":0.667,"y":1},"o":{"x":0.333,"y":0},"t":19,"s":[{"i":[[0,0],[1,-1.5],[7.5,-24],[-7,-76],[0,0],[14.483,54.78]],"o":[[0,0],[-1,1.5],[-7.5,24],[7,76],[0,0],[-35.531,-95.149]],"v":[[-14.801,-19.607],[-23.802,-14.607],[-43.801,13.893],[-36.301,115.893],[63.111,127.015],[73.29,39.001]],"c":true}]},{"i":{"x":0.667,"y":1},"o":{"x":0.333,"y":0},"t":24,"s":[{"i":[[0,0],[1,-1.5],[7.5,-24],[-7,-76],[0,0],[15.492,54.75]],"o":[[0,0],[-1,1.5],[-7.5,24],[7,76],[0,0],[-35.531,-95.149]],"v":[[-14.801,-19.607],[-23.802,-14.607],[-43.801,13.893],[-36.301,115.893],[75.611,128.515],[89.54,36.251]],"c":true}]},{"i":{"x":0.667,"y":1},"o":{"x":0.333,"y":0},"t":28,"s":[{"i":[[0,0],[1,-1.5],[7.5,-24],[-7,-76],[0,0],[17.883,59.406]],"o":[[0,0],[-1,1.5],[-7.5,24],[7,76],[0,0],[-40.837,-105.185]],"v":[[-14.801,-19.607],[-23.802,-14.607],[-43.801,13.893],[-36.301,115.893],[78.632,136.708],[99.361,33.156]],"c":true}]},{"i":{"x":0.667,"y":1},"o":{"x":0.333,"y":0},"t":32,"s":[{"i":[[0,0],[1,-1.5],[7.5,-24],[-7,-76],[0,0],[17.883,59.406]],"o":[[0,0],[-1,1.5],[-7.5,24],[7,76],[0,0],[-40.837,-105.185]],"v":[[-14.801,-19.607],[-23.802,-14.607],[-43.801,13.893],[-36.301,115.893],[78.632,136.708],[99.361,33.156]],"c":true}]},{"i":{"x":0.667,"y":1},"o":{"x":0.333,"y":0},"t":35,"s":[{"i":[[0,0],[1,-1.5],[7.5,-24],[-7,-76],[0,0],[22.07,63.202]],"o":[[0,0],[-1,1.5],[-7.5,24],[7,76],[0,0],[-36.5,-108]],"v":[[-14.801,-19.607],[-23.802,-14.607],[-43.801,13.893],[-36.301,115.893],[80.199,151.393],[105.937,30.723]],"c":true}]},{"t":38.0000015477717,"s":[{"i":[[0,0],[1,-1.5],[7.5,-24],[-7,-76],[0,0],[22,85.125]],"o":[[0,0],[-1,1.5],[-7.5,24],[7,76],[0,0],[-36.5,-108]],"v":[[-14.801,-19.607],[-23.802,-14.607],[-43.801,13.893],[-36.301,115.893],[80.199,151.393],[128.199,27.018]],"c":true}]}],"ix":1},"o":{"a":0,"k":100,"ix":3},"x":{"a":0,"k":0,"ix":4},"nm":"Mask 1"}],"shapes":[{"ty":"gr","it":[{"ind":0,"ty":"sh","ix":1,"ks":{"a":0,"k":{"i":[[0,0],[0,0],[0,0]],"o":[[0,0],[0,0],[0,0]],"v":[[-0.115,-14.123],[11.801,13.98],[-11.801,14.123]],"c":true},"ix":2},"nm":"Path 1","mn":"ADBE Vector Shape - Group","hd":false},{"ty":"fl","c":{"a":0,"k":[0.209307517257,0.20951090794,0.209484130261,1],"ix":4},"o":{"a":0,"k":100,"ix":5},"r":1,"bm":0,"nm":"Fill 1","mn":"ADBE Vector Graphic - Fill","hd":false},{"ty":"tr","p":{"a":0,"k":[58.735,48.536],"ix":2},"a":{"a":0,"k":[0,0],"ix":1},"s":{"a":0,"k":[100,100],"ix":3},"r":{"a":0,"k":0,"ix":6},"o":{"a":0,"k":100,"ix":7},"sk":{"a":0,"k":0,"ix":4},"sa":{"a":0,"k":0,"ix":5},"nm":"Transform"}],"nm":"Group 1","np":2,"cix":2,"bm":0,"ix":1,"mn":"ADBE Vector Group","hd":false},{"ty":"gr","it":[{"ind":0,"ty":"sh","ix":1,"ks":{"a":0,"k":{"i":[[0,0],[0,0],[0,0]],"o":[[0,0],[0,0],[0,0]],"v":[[-2.715,-11.609],[10.662,9.43],[-10.662,11.609]],"c":true},"ix":2},"nm":"Path 1","mn":"ADBE Vector Shape - Group","hd":false},{"ty":"fl","c":{"a":0,"k":[0.209307517257,0.20951090794,0.209484130261,1],"ix":4},"o":{"a":0,"k":100,"ix":5},"r":1,"bm":0,"nm":"Fill 1","mn":"ADBE Vector Graphic - Fill","hd":false},{"ty":"tr","p":{"a":0,"k":[84.535,18.293],"ix":2},"a":{"a":0,"k":[0,0],"ix":1},"s":{"a":0,"k":[100,100],"ix":3},"r":{"a":0,"k":0,"ix":6},"o":{"a":0,"k":100,"ix":7},"sk":{"a":0,"k":0,"ix":4},"sa":{"a":0,"k":0,"ix":5},"nm":"Transform"}],"nm":"Group 2","np":2,"cix":2,"bm":0,"ix":2,"mn":"ADBE Vector Group","hd":false},{"ty":"gr","it":[{"ind":0,"ty":"sh","ix":1,"ks":{"a":0,"k":{"i":[[0,0],[0,0],[0,0]],"o":[[0,0],[0,0],[0,0]],"v":[[0.977,-9.971],[9.306,9.971],[-9.306,9.971]],"c":true},"ix":2},"nm":"Path 1","mn":"ADBE Vector Shape - Group","hd":false},{"ty":"fl","c":{"a":0,"k":[0.209307517257,0.20951090794,0.209484130261,1],"ix":4},"o":{"a":0,"k":100,"ix":5},"r":1,"bm":0,"nm":"Fill 1","mn":"ADBE Vector Graphic - Fill","hd":false},{"ty":"tr","p":{"a":0,"k":[30.617,17.83],"ix":2},"a":{"a":0,"k":[0,0],"ix":1},"s":{"a":0,"k":[100,100],"ix":3},"r":{"a":0,"k":0,"ix":6},"o":{"a":0,"k":100,"ix":7},"sk":{"a":0,"k":0,"ix":4},"sa":{"a":0,"k":0,"ix":5},"nm":"Transform"}],"nm":"Group 3","np":2,"cix":2,"bm":0,"ix":3,"mn":"ADBE Vector Group","hd":false},{"ty":"gr","it":[{"ind":0,"ty":"sh","ix":1,"ks":{"a":0,"k":{"i":[[0,0],[0,0],[0,0]],"o":[[0,0],[0,0],[0,0]],"v":[[-2.01,-17.656],[13.737,17.457],[-13.737,17.656]],"c":true},"ix":2},"nm":"Path 1","mn":"ADBE Vector Shape - Group","hd":false},{"ty":"fl","c":{"a":0,"k":[0.880468450808,0.426276502422,0.263996139227,1],"ix":4},"o":{"a":0,"k":100,"ix":5},"r":1,"bm":0,"nm":"Fill 1","mn":"ADBE Vector Graphic - Fill","hd":false},{"ty":"tr","p":{"a":0,"k":[62.977,45.003],"ix":2},"a":{"a":0,"k":[0,0],"ix":1},"s":{"a":0,"k":[100,100],"ix":3},"r":{"a":0,"k":0,"ix":6},"o":{"a":0,"k":100,"ix":7},"sk":{"a":0,"k":0,"ix":4},"sa":{"a":0,"k":0,"ix":5},"nm":"Transform"}],"nm":"Group 4","np":2,"cix":2,"bm":0,"ix":4,"mn":"ADBE Vector Group","hd":false},{"ty":"gr","it":[{"ind":0,"ty":"sh","ix":1,"ks":{"a":0,"k":{"i":[[0,0],[0,0],[0,0]],"o":[[0,0],[0,0],[0,0]],"v":[[-4.308,-14.685],[12.106,12.326],[-12.106,14.685]],"c":true},"ix":2},"nm":"Path 1","mn":"ADBE Vector Shape - Group","hd":false},{"ty":"fl","c":{"a":0,"k":[0.880468450808,0.426276502422,0.263996139227,1],"ix":4},"o":{"a":0,"k":100,"ix":5},"r":1,"bm":0,"nm":"Fill 1","mn":"ADBE Vector Graphic - Fill","hd":false},{"ty":"tr","p":{"a":0,"k":[87.836,14.935],"ix":2},"a":{"a":0,"k":[0,0],"ix":1},"s":{"a":0,"k":[100,100],"ix":3},"r":{"a":0,"k":0,"ix":6},"o":{"a":0,"k":100,"ix":7},"sk":{"a":0,"k":0,"ix":4},"sa":{"a":0,"k":0,"ix":5},"nm":"Transform"}],"nm":"Group 5","np":2,"cix":2,"bm":0,"ix":5,"mn":"ADBE Vector Group","hd":false},{"ty":"gr","it":[{"ind":0,"ty":"sh","ix":1,"ks":{"a":0,"k":{"i":[[0,0],[0,0],[0,0]],"o":[[0,0],[0,0],[0,0]],"v":[[1.286,-13.592],[12.306,13.592],[-12.306,13.592]],"c":true},"ix":2},"nm":"Path 1","mn":"ADBE Vector Shape - Group","hd":false},{"ty":"fl","c":{"a":0,"k":[0.880468450808,0.426276502422,0.263996139227,1],"ix":4},"o":{"a":0,"k":100,"ix":5},"r":1,"bm":0,"nm":"Fill 1","mn":"ADBE Vector Graphic - Fill","hd":false},{"ty":"tr","p":{"a":0,"k":[33.948,14.173],"ix":2},"a":{"a":0,"k":[0,0],"ix":1},"s":{"a":0,"k":[100,100],"ix":3},"r":{"a":0,"k":0,"ix":6},"o":{"a":0,"k":100,"ix":7},"sk":{"a":0,"k":0,"ix":4},"sa":{"a":0,"k":0,"ix":5},"nm":"Transform"}],"nm":"Group 6","np":2,"cix":2,"bm":0,"ix":6,"mn":"ADBE Vector Group","hd":false},{"ty":"gr","it":[{"ind":0,"ty":"sh","ix":1,"ks":{"a":0,"k":{"i":[[0,0],[43.714,-4.959],[0,0],[-10.102,31.408]],"o":[[0,0],[0,0],[0,0],[0,0]],"v":[[25.225,-21.919],[-25.225,21.919],[-25.225,20.327],[17.082,-17.021]],"c":true},"ix":2},"nm":"Path 1","mn":"ADBE Vector Shape - Group","hd":false},{"ty":"fl","c":{"a":0,"k":[0.880468450808,0.426276502422,0.263996139227,1],"ix":4},"o":{"a":0,"k":100,"ix":5},"r":1,"bm":0,"nm":"Fill 1","mn":"ADBE Vector Graphic - Fill","hd":false},{"ty":"tr","p":{"a":0,"k":[93.311,82.291],"ix":2},"a":{"a":0,"k":[0,0],"ix":1},"s":{"a":0,"k":[100,100],"ix":3},"r":{"a":0,"k":0,"ix":6},"o":{"a":0,"k":100,"ix":7},"sk":{"a":0,"k":0,"ix":4},"sa":{"a":0,"k":0,"ix":5},"nm":"Transform"}],"nm":"Group 7","np":2,"cix":2,"bm":0,"ix":7,"mn":"ADBE Vector Group","hd":false},{"ty":"gr","it":[{"ind":0,"ty":"sh","ix":1,"ks":{"a":0,"k":{"i":[[-7.416,6.612],[33.306,-4.653],[0,0],[0,0],[0,0],[-0.857,30.245],[0,0],[0,0],[0,0],[0,0],[0,0],[0,0],[0,0],[0,0]],"o":[[0,0],[0,0],[0,0],[0,0],[0,0],[0,0],[0,0],[0,0],[0,0],[0,0],[0,0],[0,0],[0,0],[0,0]],"v":[[55.072,-19.286],[12.765,18.062],[12.765,9.734],[-7.684,10.593],[-7.684,19.776],[-54.215,-19.776],[-29.97,-11.326],[-30.704,-0.919],[-16.133,2.388],[-16.133,-7.652],[12.52,-7.531],[13.5,5.205],[33.46,2.266],[32.847,-11.571]],"c":true},"ix":2},"nm":"Path 1","mn":"ADBE Vector Shape - Group","hd":false},{"ty":"fl","c":{"a":0,"k":[0.210261490766,0.2106961269,0.210589704327,1],"ix":4},"o":{"a":0,"k":100,"ix":5},"r":1,"bm":0,"nm":"Fill 1","mn":"ADBE Vector Graphic - Fill","hd":false},{"ty":"tr","p":{"a":0,"k":[55.322,84.556],"ix":2},"a":{"a":0,"k":[0,0],"ix":1},"s":{"a":0,"k":[100,100],"ix":3},"r":{"a":0,"k":0,"ix":6},"o":{"a":0,"k":100,"ix":7},"sk":{"a":0,"k":0,"ix":4},"sa":{"a":0,"k":0,"ix":5},"nm":"Transform"}],"nm":"Group 8","np":2,"cix":2,"bm":0,"ix":8,"mn":"ADBE Vector Group","hd":false}],"ip":0,"op":900.000036657751,"st":0,"ct":1,"bm":0},{"ddd":0,"ind":10,"ty":4,"nm":"body Outlines","sr":1,"ks":{"o":{"a":0,"k":100,"ix":11},"r":{"a":1,"k":[{"i":{"x":[0.667],"y":[1]},"o":{"x":[0.333],"y":[0]},"t":0,"s":[0]},{"i":{"x":[0.667],"y":[1]},"o":{"x":[0.333],"y":[0]},"t":6,"s":[5]},{"i":{"x":[0.667],"y":[1]},"o":{"x":[0.333],"y":[0]},"t":9,"s":[9]},{"i":{"x":[0.667],"y":[1]},"o":{"x":[0.333],"y":[0]},"t":14,"s":[7]},{"i":{"x":[0.667],"y":[1]},"o":{"x":[0.333],"y":[0]},"t":19,"s":[0]},{"i":{"x":[0.667],"y":[1]},"o":{"x":[0.333],"y":[0]},"t":24,"s":[4]},{"i":{"x":[0.667],"y":[1]},"o":{"x":[0.333],"y":[0]},"t":28,"s":[9]},{"i":{"x":[0.667],"y":[1]},"o":{"x":[0.333],"y":[0]},"t":34,"s":[7]},{"t":38.0000015477717,"s":[0]}],"ix":10},"p":{"a":1,"k":[{"i":{"x":0.667,"y":1},"o":{"x":0.333,"y":0},"t":0,"s":[690.817,455.265,0],"to":[1.667,3.5,0],"ti":[-3.167,-0.083,0]},{"i":{"x":0.667,"y":1},"o":{"x":0.333,"y":0},"t":6,"s":[700.817,476.265,0],"to":[3.167,0.083,0],"ti":[-0.333,-2.583,0]},{"i":{"x":0.667,"y":1},"o":{"x":0.333,"y":0},"t":9,"s":[709.817,455.765,0],"to":[0.333,2.583,0],"ti":[3.156,0.083,0]},{"i":{"x":0.667,"y":1},"o":{"x":0.333,"y":0},"t":14,"s":[702.817,491.765,0],"to":[-3.156,-0.083,0],"ti":[-0.119,0.409,0]},{"i":{"x":0.667,"y":1},"o":{"x":0.333,"y":0},"t":19,"s":[690.88,455.265,0],"to":[0.052,-0.179,0],"ti":[-3.594,-1.021,0]},{"i":{"x":0.667,"y":1},"o":{"x":0.333,"y":0},"t":24,"s":[700.817,476.39,0],"to":[3.743,1.063,0],"ti":[-0.333,-2.562,0]},{"i":{"x":0.667,"y":1},"o":{"x":0.333,"y":0},"t":28,"s":[709.817,455.765,0],"to":[0.333,2.562,0],"ti":[3.167,0.083,0]},{"i":{"x":0.667,"y":1},"o":{"x":0.333,"y":0},"t":34,"s":[702.817,491.765,0],"to":[-3.167,-0.083,0],"ti":[2,6.083,0]},{"t":38.0000015477717,"s":[690.817,455.265,0]}],"ix":2,"l":2},"a":{"a":0,"k":[109.097,109.097,0],"ix":1,"l":2},"s":{"a":0,"k":[100,100,100],"ix":6,"l":2}},"ao":0,"shapes":[{"ty":"gr","it":[{"ind":0,"ty":"sh","ix":1,"ks":{"a":0,"k":{"i":[[0,-60.115],[-60.115,0],[0,60.115],[60.114,0]],"o":[[0,60.115],[60.114,0],[0,-60.115],[-60.115,0]],"v":[[-108.847,0],[0,108.847],[108.847,0],[0,-108.847]],"c":true},"ix":2},"nm":"Path 1","mn":"ADBE Vector Shape - Group","hd":false},{"ty":"fl","c":{"a":0,"k":[0.961258173924,0.530119593003,0.250527355718,1],"ix":4},"o":{"a":0,"k":100,"ix":5},"r":1,"bm":0,"nm":"Fill 1","mn":"ADBE Vector Graphic - Fill","hd":false},{"ty":"tr","p":{"a":0,"k":[109.097,109.097],"ix":2},"a":{"a":0,"k":[0,0],"ix":1},"s":{"a":0,"k":[100,100],"ix":3},"r":{"a":0,"k":0,"ix":6},"o":{"a":0,"k":100,"ix":7},"sk":{"a":0,"k":0,"ix":4},"sa":{"a":0,"k":0,"ix":5},"nm":"Transform"}],"nm":"Group 1","np":2,"cix":2,"bm":0,"ix":1,"mn":"ADBE Vector Group","hd":false}],"ip":0,"op":900.000036657751,"st":0,"ct":1,"bm":0},{"ddd":0,"ind":11,"ty":4,"nm":"right shoes Outlines","sr":1,"ks":{"o":{"a":0,"k":100,"ix":11},"r":{"a":0,"k":0,"ix":10},"p":{"a":0,"k":[786.637,733.343,0],"ix":2,"l":2},"a":{"a":0,"k":[54.857,56.572,0],"ix":1,"l":2},"s":{"a":0,"k":[67,67,100],"ix":6,"l":2}},"ao":0,"shapes":[{"ty":"gr","it":[{"ind":0,"ty":"sh","ix":1,"ks":{"a":1,"k":[{"i":{"x":0.667,"y":1},"o":{"x":0.333,"y":0},"t":0,"s":[{"i":[[0,0],[-1.285,18.429]],"o":[[0,0],[0,0]],"v":[[-11.357,7.072],[9.357,-15.072]],"c":false}]},{"i":{"x":0.667,"y":1},"o":{"x":0.333,"y":0},"t":6,"s":[{"i":[[0,0],[0,0]],"o":[[0,0],[0,0]],"v":[[-92.529,9.331],[-68.1,9.331]],"c":false}]},{"i":{"x":0.667,"y":1},"o":{"x":0.333,"y":0},"t":9,"s":[{"i":[[0,0],[0,0]],"o":[[0,0],[0,0]],"v":[[-152.678,5.458],[-128.249,5.458]],"c":false}]},{"i":{"x":0.833,"y":0.833},"o":{"x":0.333,"y":0},"t":11,"s":[{"i":[[0,0],[0,0]],"o":[[0,0],[0,0]],"v":[[-190.173,7.999],[-158.654,8.072]],"c":false}]},{"i":{"x":0.667,"y":1},"o":{"x":0.167,"y":0.167},"t":12,"s":[{"i":[[0,0],[0,0]],"o":[[0,0],[0,0]],"v":[[-202.881,8.668],[-166.766,8.705]],"c":false}]},{"i":{"x":0.833,"y":0.833},"o":{"x":0.333,"y":0},"t":14,"s":[{"i":[[0,0],[0,0]],"o":[[0,0],[0,0]],"v":[[-229.172,8.37],[-198.773,8.3]],"c":false}]},{"i":{"x":0.833,"y":0.833},"o":{"x":0.167,"y":0.167},"t":15,"s":[{"i":[[0,0],[0,0]],"o":[[0,0],[0,0]],"v":[[-242.498,8.771],[-209.39,7.976]],"c":false}]},{"i":{"x":0.667,"y":1},"o":{"x":0.167,"y":0.167},"t":16,"s":[{"i":[[0,0],[0,0]],"o":[[0,0],[0,0]],"v":[[-261.737,7.763],[-223.774,8.033]],"c":false}]},{"i":{"x":0.667,"y":1},"o":{"x":0.333,"y":0},"t":17,"s":[{"i":[[0,0],[0,0]],"o":[[0,0],[0,0]],"v":[[-267.118,5.974],[-232.505,6.898]],"c":false}]},{"i":{"x":0.833,"y":0.833},"o":{"x":0.333,"y":0},"t":19,"s":[{"i":[[0,0],[0,0]],"o":[[0,0],[0,0]],"v":[[-284.969,6.947],[-256.436,7.089]],"c":false}]},{"i":{"x":0.667,"y":1},"o":{"x":0.167,"y":0.167},"t":22,"s":[{"i":[[0,0],[0,0]],"o":[[0,0],[0,0]],"v":[[-264.363,-16.214],[-242.692,0.71]],"c":false}]},{"i":{"x":0.833,"y":0.833},"o":{"x":0.333,"y":0},"t":24,"s":[{"i":[[0,0],[0,0]],"o":[[0,0],[0,0]],"v":[[-248.872,-30.952],[-229.948,-12.596]],"c":false}]},{"i":{"x":0.667,"y":1},"o":{"x":0.167,"y":0.167},"t":26,"s":[{"i":[[0,0],[0,0]],"o":[[0,0],[0,0]],"v":[[-207.719,-55.136],[-188.794,-37.766]],"c":false}]},{"i":{"x":0.667,"y":1},"o":{"x":0.333,"y":0},"t":27,"s":[{"i":[[0,0],[0,0]],"o":[[0,0],[0,0]],"v":[[-182.812,-70.019],[-161.144,-53.534]],"c":false}]},{"i":{"x":0.667,"y":1},"o":{"x":0.333,"y":0},"t":28,"s":[{"i":[[0,0],[0,0]],"o":[[0,0],[0,0]],"v":[[-167.058,-78.855],[-138.286,-62.049]],"c":false}]},{"i":{"x":0.667,"y":1},"o":{"x":0.333,"y":0},"t":30,"s":[{"i":[[0,0],[0,0]],"o":[[0,0],[0,0]],"v":[[-144.484,-59.134],[-115.838,-46.541]],"c":false}]},{"i":{"x":0.833,"y":0.833},"o":{"x":0.333,"y":0},"t":32,"s":[{"i":[[0,0],[0,0]],"o":[[0,0],[0,0]],"v":[[-93.835,-35.593],[-62.57,-23.481]],"c":false}]},{"i":{"x":0.667,"y":1},"o":{"x":0.167,"y":0.167},"t":33,"s":[{"i":[[0,0],[0,0]],"o":[[0,0],[0,0]],"v":[[-78.447,-23.855],[-46.503,-21.243]],"c":false}]},{"i":{"x":0.833,"y":0.833},"o":{"x":0.333,"y":0},"t":34,"s":[{"i":[[0,0],[0,0]],"o":[[0,0],[0,0]],"v":[[-69.029,-19.578],[-36.406,-26.467]],"c":false}]},{"i":{"x":0.833,"y":0.833},"o":{"x":0.167,"y":0.167},"t":35,"s":[{"i":[[0,0],[-3.412,8.503]],"o":[[0,0],[0,0]],"v":[[-64.868,-17.28],[-29.255,-24.686]],"c":false}]},{"i":{"x":0.667,"y":1},"o":{"x":0.167,"y":0.167},"t":36,"s":[{"i":[[0,0],[-2.495,12.78]],"o":[[0,0],[0,0]],"v":[[-44.793,-8.279],[-12.616,-20.543]],"c":false}]},{"t":38.0000015477717,"s":[{"i":[[0,0],[-1.285,18.429]],"o":[[0,0],[0,0]],"v":[[-11.357,7.072],[9.357,-15.072]],"c":false}]}],"ix":2},"nm":"Path 1","mn":"ADBE Vector Shape - Group","hd":false},{"ty":"st","c":{"a":0,"k":[0.820420807483,0.69531435499,0.278130086263,1],"ix":3},"o":{"a":0,"k":100,"ix":4},"w":{"a":0,"k":20,"ix":5},"lc":2,"lj":1,"ml":10,"bm":0,"nm":"Stroke 1","mn":"ADBE Vector Graphic - Stroke","hd":false},{"ty":"tr","p":{"a":0,"k":[54.857,56.572],"ix":2},"a":{"a":0,"k":[0,0],"ix":1},"s":{"a":0,"k":[100,100],"ix":3},"r":{"a":0,"k":0,"ix":6},"o":{"a":0,"k":100,"ix":7},"sk":{"a":0,"k":0,"ix":4},"sa":{"a":0,"k":0,"ix":5},"nm":"Transform"}],"nm":"Group 1","np":2,"cix":2,"bm":0,"ix":1,"mn":"ADBE Vector Group","hd":false}],"ip":0,"op":300.00001221925,"st":0,"ct":1,"bm":0},{"ddd":0,"ind":12,"ty":4,"nm":"right leg Outlines 2","parent":10,"sr":1,"ks":{"o":{"a":0,"k":100,"ix":11},"r":{"a":0,"k":0,"ix":10},"p":{"a":0,"k":[94.654,192.492,0],"ix":2,"l":2},"a":{"a":0,"k":[45,45,0],"ix":1,"l":2},"s":{"a":0,"k":[67,64.803,100],"ix":6,"l":2}},"ao":0,"shapes":[{"ty":"gr","it":[{"ind":0,"ty":"sh","ix":1,"ks":{"a":1,"k":[{"i":{"x":0.667,"y":1},"o":{"x":0.333,"y":0},"t":0,"s":[{"i":[[0,0],[-89.369,-232.463]],"o":[[0,0],[0,0]],"v":[[-77.899,-147.732],[77.899,147.732]],"c":false}]},{"i":{"x":0.667,"y":1},"o":{"x":0.333,"y":0},"t":6,"s":[{"i":[[0,0],[47.203,-217.847]],"o":[[0,0],[0,0]],"v":[[-77.111,-146.108],[17.904,121.199]],"c":false}]},{"i":{"x":0.833,"y":0.833},"o":{"x":0.333,"y":0},"t":9,"s":[{"i":[[0,0],[97.233,-196.091]],"o":[[0,0],[0,0]],"v":[[-76.718,-145.296],[-23.034,151.804]],"c":false}]},{"i":{"x":0.667,"y":1},"o":{"x":0.167,"y":0.167},"t":10,"s":[{"i":[[0,0],[102.683,-183.566]],"o":[[0,0],[0,0]],"v":[[-75.536,-142.861],[-42.632,154.055]],"c":false}]},{"i":{"x":0.833,"y":0.833},"o":{"x":0.333,"y":0},"t":11,"s":[{"i":[[0,0],[108.133,-171.04]],"o":[[0,0],[0,0]],"v":[[-74.355,-140.425],[-64.983,142.686]],"c":false}]},{"i":{"x":0.667,"y":1},"o":{"x":0.167,"y":0.167},"t":12,"s":[{"i":[[0,0],[109.757,-175.157]],"o":[[0,0],[0,0]],"v":[[-74.355,-140.425],[-78.616,126.276]],"c":false}]},{"i":{"x":0.833,"y":0.833},"o":{"x":0.333,"y":0},"t":14,"s":[{"i":[[0,0],[114.396,-186.919]],"o":[[0,0],[0,0]],"v":[[-74.355,-140.425],[-109.299,111.243]],"c":false}]},{"i":{"x":0.833,"y":0.833},"o":{"x":0.167,"y":0.167},"t":15,"s":[{"i":[[0,0],[117.509,-190.551]],"o":[[0,0],[0,0]],"v":[[-74.355,-140.425],[-122.516,116.126]],"c":false}]},{"i":{"x":0.667,"y":1},"o":{"x":0.167,"y":0.167},"t":16,"s":[{"i":[[0,0],[123.175,-197.162]],"o":[[0,0],[0,0]],"v":[[-74.355,-140.425],[-147.258,128.571]],"c":false}]},{"i":{"x":0.667,"y":1},"o":{"x":0.333,"y":0},"t":17,"s":[{"i":[[0,0],[126.403,-200.929]],"o":[[0,0],[0,0]],"v":[[-74.355,-140.425],[-160.903,139.927]],"c":false}]},{"i":{"x":0.667,"y":1},"o":{"x":0.333,"y":0},"t":19,"s":[{"i":[[0,0],[83.002,-188.193]],"o":[[0,0],[0,0]],"v":[[-74.355,-140.425],[-190.082,155.001]],"c":false}]},{"i":{"x":0.667,"y":1},"o":{"x":0.333,"y":0},"t":24,"s":[{"i":[[0,0],[174.353,-140.543]],"o":[[0,0],[0,0]],"v":[[-74.355,-140.425],[-146.268,94.357]],"c":false}]},{"i":{"x":0.667,"y":1},"o":{"x":0.333,"y":0},"t":28,"s":[{"i":[[0,0],[200.563,-179.351]],"o":[[0,0],[0,0]],"v":[[-74.355,-140.425],[-50.932,75.605]],"c":false}]},{"i":{"x":0.667,"y":1},"o":{"x":0.333,"y":0},"t":34,"s":[{"i":[[0,0],[20.422,-231.61]],"o":[[0,0],[0,0]],"v":[[-74.355,-140.425],[43.987,60.431]],"c":false}]},{"t":38.0000015477717,"s":[{"i":[[0,0],[-89.369,-232.463]],"o":[[0,0],[0,0]],"v":[[-77.899,-147.732],[77.899,147.732]],"c":false}]}],"ix":2},"nm":"Path 1","mn":"ADBE Vector Shape - Group","hd":false},{"ty":"st","c":{"a":0,"k":[0.203373763141,0.203600565592,0.203484329523,1],"ix":3},"o":{"a":0,"k":100,"ix":4},"w":{"a":0,"k":25,"ix":5},"lc":2,"lj":1,"ml":10,"bm":0,"nm":"Stroke 1","mn":"ADBE Vector Graphic - Stroke","hd":false},{"ty":"tr","p":{"a":0,"k":[122.899,192.732],"ix":2},"a":{"a":0,"k":[0,0],"ix":1},"s":{"a":0,"k":[100,100],"ix":3},"r":{"a":0,"k":0,"ix":6},"o":{"a":0,"k":100,"ix":7},"sk":{"a":0,"k":0,"ix":4},"sa":{"a":0,"k":0,"ix":5},"nm":"Transform"}],"nm":"Group 1","np":2,"cix":2,"bm":0,"ix":1,"mn":"ADBE Vector Group","hd":false}],"ip":0,"op":300.00001221925,"st":0,"ct":1,"bm":0},{"ddd":0,"ind":13,"ty":4,"nm":"right hand Outlines 3","sr":1,"ks":{"o":{"a":0,"k":100,"ix":11},"r":{"a":0,"k":0,"ix":10},"p":{"a":0,"k":[746.429,417.571,0],"ix":2,"l":2},"a":{"a":0,"k":[326,220,0],"ix":1,"l":2},"s":{"a":0,"k":[-100,100,100],"ix":6,"l":2}},"ao":0,"shapes":[{"ty":"gr","it":[{"ind":0,"ty":"sh","ix":1,"ks":{"a":1,"k":[{"i":{"x":0.667,"y":1},"o":{"x":0.333,"y":0},"t":0,"s":[{"i":[[0,0],[-17.858,-117.428]],"o":[[0,0],[0,0]],"v":[[53,-114.428],[36.429,51.428]],"c":false}]},{"i":{"x":0.667,"y":1},"o":{"x":0.333,"y":0},"t":6,"s":[{"i":[[0,0],[46.888,-105.343]],"o":[[0,0],[0,0]],"v":[[64.132,-113.395],[21.683,66.343]],"c":false}]},{"i":{"x":0.667,"y":1},"o":{"x":0.333,"y":0},"t":9,"s":[{"i":[[0,0],[74.734,-95.011]],"o":[[0,0],[0,0]],"v":[[78.948,-115.741],[45.837,63.011]],"c":false}]},{"i":{"x":0.667,"y":1},"o":{"x":0.333,"y":0},"t":14,"s":[{"i":[[0,0],[14.114,-116.15]],"o":[[0,0],[0,0]],"v":[[102.647,-119.659],[138.458,51.151]],"c":false}]},{"i":{"x":0.667,"y":1},"o":{"x":0.333,"y":0},"t":19,"s":[{"i":[[0,0],[-50.949,-105.15]],"o":[[0,0],[0,0]],"v":[[115.647,-120.659],[200.458,28.151]],"c":false}]},{"i":{"x":0.667,"y":1},"o":{"x":0.333,"y":0},"t":24,"s":[{"i":[[0,0],[-114.121,-50.106]],"o":[[0,0],[0,0]],"v":[[106.529,-122.026],[196.692,9.106]],"c":false}]},{"i":{"x":0.667,"y":1},"o":{"x":0.333,"y":0},"t":28,"s":[{"i":[[0,0],[-118.927,-74.463]],"o":[[0,0],[0,0]],"v":[[85.113,-116.609],[158.498,36.464]],"c":false}]},{"i":{"x":0.667,"y":1},"o":{"x":0.333,"y":0},"t":34,"s":[{"i":[[0,0],[-32.398,-134.909]],"o":[[0,0],[0,0]],"v":[[52.968,-107.625],[59.969,61.909]],"c":false}]},{"t":38.0000015477717,"s":[{"i":[[0,0],[-17.858,-117.428]],"o":[[0,0],[0,0]],"v":[[53,-114.428],[36.429,51.428]],"c":false}]}],"ix":2},"nm":"Path 1","mn":"ADBE Vector Shape - Group","hd":false},{"ty":"st","c":{"a":0,"k":[0.940292178883,0.734839046703,0.670154347139,1],"ix":3},"o":{"a":0,"k":100,"ix":4},"w":{"a":0,"k":45,"ix":5},"lc":2,"lj":1,"ml":10,"bm":0,"nm":"Stroke 1","mn":"ADBE Vector Graphic - Stroke","hd":false},{"ty":"tr","p":{"a":0,"k":[273,334.428],"ix":2},"a":{"a":0,"k":[0,0],"ix":1},"s":{"a":0,"k":[100,100],"ix":3},"r":{"a":0,"k":0,"ix":6},"o":{"a":0,"k":100,"ix":7},"sk":{"a":0,"k":0,"ix":4},"sa":{"a":0,"k":0,"ix":5},"nm":"Transform"}],"nm":"Group 1","np":2,"cix":2,"bm":0,"ix":1,"mn":"ADBE Vector Group","hd":false}],"ip":0,"op":300.00001221925,"st":0,"ct":1,"bm":0}]},{"id":"comp_1","nm":"eyes","fr":29.9700012207031,"layers":[{"ddd":0,"ind":1,"ty":4,"nm":"left eye Outlines 2","td":1,"sr":1,"ks":{"o":{"a":0,"k":100,"ix":11},"r":{"a":0,"k":0,"ix":10},"p":{"a":0,"k":[676.613,282.999,0],"ix":2,"l":2},"a":{"a":0,"k":[13.352,13.352,0],"ix":1,"l":2},"s":{"a":0,"k":[100,100,100],"ix":6,"l":2}},"ao":0,"shapes":[{"ty":"gr","it":[{"ind":0,"ty":"sh","ix":1,"ks":{"a":0,"k":{"i":[[0,-1.724],[-1.724,0],[0,1.724],[1.725,0]],"o":[[0,1.724],[1.725,0],[0,-1.724],[-1.724,0]],"v":[[-3.122,0],[-0.001,3.122],[3.122,0],[-0.001,-3.122]],"c":true},"ix":2},"nm":"Path 1","mn":"ADBE Vector Shape - Group","hd":false},{"ty":"fl","c":{"a":0,"k":[0.203373763141,0.203600565592,0.203484329523,1],"ix":4},"o":{"a":0,"k":100,"ix":5},"r":1,"bm":0,"nm":"Fill 1","mn":"ADBE Vector Graphic - Fill","hd":false},{"ty":"tr","p":{"a":0,"k":[19.964,19.475],"ix":2},"a":{"a":0,"k":[0,0],"ix":1},"s":{"a":0,"k":[100,100],"ix":3},"r":{"a":0,"k":0,"ix":6},"o":{"a":0,"k":100,"ix":7},"sk":{"a":0,"k":0,"ix":4},"sa":{"a":0,"k":0,"ix":5},"nm":"Transform"}],"nm":"Group 1","np":2,"cix":2,"bm":0,"ix":1,"mn":"ADBE Vector Group","hd":false},{"ty":"gr","it":[{"ind":0,"ty":"sh","ix":1,"ks":{"a":0,"k":{"i":[[0,-7.236],[-7.236,0],[0,7.236],[7.236,0]],"o":[[0,7.236],[7.236,0],[0,-7.236],[-7.236,0]],"v":[[-13.102,0],[0,13.102],[13.102,0],[0,-13.102]],"c":true},"ix":2},"nm":"Path 1","mn":"ADBE Vector Shape - Group","hd":false},{"ty":"fl","c":{"a":0,"k":[1,0.999998743394,1,1],"ix":4},"o":{"a":0,"k":100,"ix":5},"r":1,"bm":0,"nm":"Fill 1","mn":"ADBE Vector Graphic - Fill","hd":false},{"ty":"tr","p":{"a":0,"k":[13.352,13.352],"ix":2},"a":{"a":0,"k":[0,0],"ix":1},"s":{"a":0,"k":[100,100],"ix":3},"r":{"a":0,"k":0,"ix":6},"o":{"a":0,"k":100,"ix":7},"sk":{"a":0,"k":0,"ix":4},"sa":{"a":0,"k":0,"ix":5},"nm":"Transform"}],"nm":"Group 2","np":2,"cix":2,"bm":0,"ix":2,"mn":"ADBE Vector Group","hd":false}],"ip":0,"op":900.000036657751,"st":0,"ct":1,"bm":0},{"ddd":0,"ind":2,"ty":4,"nm":"Shape Layer 1","tt":1,"sr":1,"ks":{"o":{"a":0,"k":100,"ix":11},"r":{"a":0,"k":0,"ix":10},"p":{"a":0,"k":[540,540,0],"ix":2,"l":2},"a":{"a":0,"k":[0,0,0],"ix":1,"l":2},"s":{"a":0,"k":[100,100,100],"ix":6,"l":2}},"ao":0,"shapes":[{"ty":"gr","it":[{"ind":0,"ty":"sh","ix":1,"ks":{"a":1,"k":[{"i":{"x":0.667,"y":1},"o":{"x":0.333,"y":0},"t":0,"s":[{"i":[[12,-2.5],[0,0],[-25.75,4]],"o":[[-12,2.5],[0,0],[25.75,-4]],"v":[[133,-283.25],[117.25,-254.75],[157.75,-261.75]],"c":true}]},{"i":{"x":0.667,"y":1},"o":{"x":0.333,"y":0},"t":15,"s":[{"i":[[12,-2.5],[-17.25,-33.5],[-2.5,21.75]],"o":[[-12,2.5],[17.25,33.5],[25.75,-4]],"v":[[133,-283.25],[117.25,-254.75],[157.75,-261.75]],"c":true}]},{"t":30.0000012219251,"s":[{"i":[[12,-2.5],[0,0],[-25.75,4]],"o":[[-12,2.5],[0,0],[25.75,-4]],"v":[[133,-283.25],[117.25,-254.75],[157.75,-261.75]],"c":true}]}],"ix":2},"nm":"Path 1","mn":"ADBE Vector Shape - Group","hd":false},{"ty":"fl","c":{"a":0,"k":[0.941176470588,0.733333333333,0.670588235294,1],"ix":4},"o":{"a":0,"k":100,"ix":5},"r":1,"bm":0,"nm":"Fill 1","mn":"ADBE Vector Graphic - Fill","hd":false},{"ty":"tr","p":{"a":0,"k":[0,0],"ix":2},"a":{"a":0,"k":[0,0],"ix":1},"s":{"a":0,"k":[100,100],"ix":3},"r":{"a":0,"k":0,"ix":6},"o":{"a":0,"k":100,"ix":7},"sk":{"a":0,"k":0,"ix":4},"sa":{"a":0,"k":0,"ix":5},"nm":"Transform"}],"nm":"Shape 1","np":3,"cix":2,"bm":0,"ix":1,"mn":"ADBE Vector Group","hd":false}],"ip":0,"op":900.000036657751,"st":0,"ct":1,"bm":0},{"ddd":0,"ind":3,"ty":4,"nm":"left eye Outlines","sr":1,"ks":{"o":{"a":0,"k":100,"ix":11},"r":{"a":0,"k":0,"ix":10},"p":{"a":0,"k":[676.613,282.999,0],"ix":2,"l":2},"a":{"a":0,"k":[13.352,13.352,0],"ix":1,"l":2},"s":{"a":0,"k":[100,100,100],"ix":6,"l":2}},"ao":0,"shapes":[{"ty":"gr","it":[{"ind":0,"ty":"sh","ix":1,"ks":{"a":0,"k":{"i":[[0,-1.724],[-1.724,0],[0,1.724],[1.725,0]],"o":[[0,1.724],[1.725,0],[0,-1.724],[-1.724,0]],"v":[[-3.122,0],[-0.001,3.122],[3.122,0],[-0.001,-3.122]],"c":true},"ix":2},"nm":"Path 1","mn":"ADBE Vector Shape - Group","hd":false},{"ty":"fl","c":{"a":0,"k":[0.203373763141,0.203600565592,0.203484329523,1],"ix":4},"o":{"a":0,"k":100,"ix":5},"r":1,"bm":0,"nm":"Fill 1","mn":"ADBE Vector Graphic - Fill","hd":false},{"ty":"tr","p":{"a":0,"k":[19.964,19.475],"ix":2},"a":{"a":0,"k":[0,0],"ix":1},"s":{"a":0,"k":[100,100],"ix":3},"r":{"a":0,"k":0,"ix":6},"o":{"a":0,"k":100,"ix":7},"sk":{"a":0,"k":0,"ix":4},"sa":{"a":0,"k":0,"ix":5},"nm":"Transform"}],"nm":"Group 1","np":2,"cix":2,"bm":0,"ix":1,"mn":"ADBE Vector Group","hd":false},{"ty":"gr","it":[{"ind":0,"ty":"sh","ix":1,"ks":{"a":0,"k":{"i":[[0,-7.236],[-7.236,0],[0,7.236],[7.236,0]],"o":[[0,7.236],[7.236,0],[0,-7.236],[-7.236,0]],"v":[[-13.102,0],[0,13.102],[13.102,0],[0,-13.102]],"c":true},"ix":2},"nm":"Path 1","mn":"ADBE Vector Shape - Group","hd":false},{"ty":"fl","c":{"a":0,"k":[1,0.999998743394,1,1],"ix":4},"o":{"a":0,"k":100,"ix":5},"r":1,"bm":0,"nm":"Fill 1","mn":"ADBE Vector Graphic - Fill","hd":false},{"ty":"tr","p":{"a":0,"k":[13.352,13.352],"ix":2},"a":{"a":0,"k":[0,0],"ix":1},"s":{"a":0,"k":[100,100],"ix":3},"r":{"a":0,"k":0,"ix":6},"o":{"a":0,"k":100,"ix":7},"sk":{"a":0,"k":0,"ix":4},"sa":{"a":0,"k":0,"ix":5},"nm":"Transform"}],"nm":"Group 2","np":2,"cix":2,"bm":0,"ix":2,"mn":"ADBE Vector Group","hd":false}],"ip":0,"op":900.000036657751,"st":0,"ct":1,"bm":0},{"ddd":0,"ind":4,"ty":4,"nm":"right eye Outlines 2","td":1,"sr":1,"ks":{"o":{"a":0,"k":100,"ix":11},"r":{"a":0,"k":0,"ix":10},"p":{"a":0,"k":[703.307,278.714,0],"ix":2,"l":2},"a":{"a":0,"k":[13.352,13.352,0],"ix":1,"l":2},"s":{"a":0,"k":[100,100,100],"ix":6,"l":2}},"ao":0,"shapes":[{"ty":"gr","it":[{"ind":0,"ty":"sh","ix":1,"ks":{"a":0,"k":{"i":[[0,-1.724],[-1.724,0],[0,1.724],[1.725,0]],"o":[[0,1.724],[1.725,0],[0,-1.724],[-1.724,0]],"v":[[-3.122,0],[-0.001,3.122],[3.122,0],[-0.001,-3.122]],"c":true},"ix":2},"nm":"Path 1","mn":"ADBE Vector Shape - Group","hd":false},{"ty":"fl","c":{"a":0,"k":[0.203373763141,0.203600565592,0.203484329523,1],"ix":4},"o":{"a":0,"k":100,"ix":5},"r":1,"bm":0,"nm":"Fill 1","mn":"ADBE Vector Graphic - Fill","hd":false},{"ty":"tr","p":{"a":0,"k":[20.026,20.087],"ix":2},"a":{"a":0,"k":[0,0],"ix":1},"s":{"a":0,"k":[100,100],"ix":3},"r":{"a":0,"k":0,"ix":6},"o":{"a":0,"k":100,"ix":7},"sk":{"a":0,"k":0,"ix":4},"sa":{"a":0,"k":0,"ix":5},"nm":"Transform"}],"nm":"Group 1","np":2,"cix":2,"bm":0,"ix":1,"mn":"ADBE Vector Group","hd":false},{"ty":"gr","it":[{"ind":0,"ty":"sh","ix":1,"ks":{"a":0,"k":{"i":[[0,-7.236],[-7.236,0],[0,7.236],[7.236,0]],"o":[[0,7.236],[7.236,0],[0,-7.236],[-7.236,0]],"v":[[-13.102,0],[0,13.102],[13.102,0],[0,-13.102]],"c":true},"ix":2},"nm":"Path 1","mn":"ADBE Vector Shape - Group","hd":false},{"ty":"fl","c":{"a":0,"k":[1,0.999998743394,1,1],"ix":4},"o":{"a":0,"k":100,"ix":5},"r":1,"bm":0,"nm":"Fill 1","mn":"ADBE Vector Graphic - Fill","hd":false},{"ty":"tr","p":{"a":0,"k":[13.352,13.352],"ix":2},"a":{"a":0,"k":[0,0],"ix":1},"s":{"a":0,"k":[100,100],"ix":3},"r":{"a":0,"k":0,"ix":6},"o":{"a":0,"k":100,"ix":7},"sk":{"a":0,"k":0,"ix":4},"sa":{"a":0,"k":0,"ix":5},"nm":"Transform"}],"nm":"Group 2","np":2,"cix":2,"bm":0,"ix":2,"mn":"ADBE Vector Group","hd":false}],"ip":0,"op":900.000036657751,"st":0,"ct":1,"bm":0},{"ddd":0,"ind":5,"ty":4,"nm":"Shape Layer 2","tt":1,"sr":1,"ks":{"o":{"a":0,"k":100,"ix":11},"r":{"a":0,"k":0,"ix":10},"p":{"a":0,"k":[566.75,536.25,0],"ix":2,"l":2},"a":{"a":0,"k":[0,0,0],"ix":1,"l":2},"s":{"a":0,"k":[100,100,100],"ix":6,"l":2}},"ao":0,"shapes":[{"ty":"gr","it":[{"ind":0,"ty":"sh","ix":1,"ks":{"a":1,"k":[{"i":{"x":0.667,"y":1},"o":{"x":0.333,"y":0},"t":0,"s":[{"i":[[12,-2.5],[0,0],[-25.75,4]],"o":[[-12,2.5],[0,0],[25.75,-4]],"v":[[133,-283.25],[117.25,-254.75],[157.75,-261.75]],"c":true}]},{"i":{"x":0.667,"y":1},"o":{"x":0.333,"y":0},"t":15,"s":[{"i":[[12,-2.5],[-17.25,-33.5],[-2.5,21.75]],"o":[[-12,2.5],[17.25,33.5],[25.75,-4]],"v":[[133,-283.25],[117.25,-254.75],[157.75,-261.75]],"c":true}]},{"t":30.0000012219251,"s":[{"i":[[12,-2.5],[0,0],[-25.75,4]],"o":[[-12,2.5],[0,0],[25.75,-4]],"v":[[133,-283.25],[117.25,-254.75],[157.75,-261.75]],"c":true}]}],"ix":2},"nm":"Path 1","mn":"ADBE Vector Shape - Group","hd":false},{"ty":"fl","c":{"a":0,"k":[0.941176470588,0.733333333333,0.670588235294,1],"ix":4},"o":{"a":0,"k":100,"ix":5},"r":1,"bm":0,"nm":"Fill 1","mn":"ADBE Vector Graphic - Fill","hd":false},{"ty":"tr","p":{"a":0,"k":[0,0],"ix":2},"a":{"a":0,"k":[0,0],"ix":1},"s":{"a":0,"k":[100,100],"ix":3},"r":{"a":0,"k":0,"ix":6},"o":{"a":0,"k":100,"ix":7},"sk":{"a":0,"k":0,"ix":4},"sa":{"a":0,"k":0,"ix":5},"nm":"Transform"}],"nm":"Shape 1","np":3,"cix":2,"bm":0,"ix":1,"mn":"ADBE Vector Group","hd":false},{"ty":"gr","it":[{"ty":"tr","p":{"a":0,"k":[0,0],"ix":2},"a":{"a":0,"k":[0,0],"ix":1},"s":{"a":0,"k":[100,100],"ix":3},"r":{"a":0,"k":0,"ix":6},"o":{"a":0,"k":100,"ix":7},"sk":{"a":0,"k":0,"ix":4},"sa":{"a":0,"k":0,"ix":5},"nm":"Transform"}],"nm":"Group 1","np":0,"cix":2,"bm":0,"ix":2,"mn":"ADBE Vector Group","hd":false}],"ip":0,"op":900.000036657751,"st":0,"ct":1,"bm":0},{"ddd":0,"ind":6,"ty":4,"nm":"right eye Outlines","sr":1,"ks":{"o":{"a":0,"k":100,"ix":11},"r":{"a":0,"k":0,"ix":10},"p":{"a":0,"k":[703.307,278.714,0],"ix":2,"l":2},"a":{"a":0,"k":[13.352,13.352,0],"ix":1,"l":2},"s":{"a":0,"k":[100,100,100],"ix":6,"l":2}},"ao":0,"shapes":[{"ty":"gr","it":[{"ind":0,"ty":"sh","ix":1,"ks":{"a":0,"k":{"i":[[0,-1.724],[-1.724,0],[0,1.724],[1.725,0]],"o":[[0,1.724],[1.725,0],[0,-1.724],[-1.724,0]],"v":[[-3.122,0],[-0.001,3.122],[3.122,0],[-0.001,-3.122]],"c":true},"ix":2},"nm":"Path 1","mn":"ADBE Vector Shape - Group","hd":false},{"ty":"fl","c":{"a":0,"k":[0.203373763141,0.203600565592,0.203484329523,1],"ix":4},"o":{"a":0,"k":100,"ix":5},"r":1,"bm":0,"nm":"Fill 1","mn":"ADBE Vector Graphic - Fill","hd":false},{"ty":"tr","p":{"a":0,"k":[20.026,20.087],"ix":2},"a":{"a":0,"k":[0,0],"ix":1},"s":{"a":0,"k":[100,100],"ix":3},"r":{"a":0,"k":0,"ix":6},"o":{"a":0,"k":100,"ix":7},"sk":{"a":0,"k":0,"ix":4},"sa":{"a":0,"k":0,"ix":5},"nm":"Transform"}],"nm":"Group 1","np":2,"cix":2,"bm":0,"ix":1,"mn":"ADBE Vector Group","hd":false},{"ty":"gr","it":[{"ind":0,"ty":"sh","ix":1,"ks":{"a":0,"k":{"i":[[0,-7.236],[-7.236,0],[0,7.236],[7.236,0]],"o":[[0,7.236],[7.236,0],[0,-7.236],[-7.236,0]],"v":[[-13.102,0],[0,13.102],[13.102,0],[0,-13.102]],"c":true},"ix":2},"nm":"Path 1","mn":"ADBE Vector Shape - Group","hd":false},{"ty":"fl","c":{"a":0,"k":[1,0.999998743394,1,1],"ix":4},"o":{"a":0,"k":100,"ix":5},"r":1,"bm":0,"nm":"Fill 1","mn":"ADBE Vector Graphic - Fill","hd":false},{"ty":"tr","p":{"a":0,"k":[13.352,13.352],"ix":2},"a":{"a":0,"k":[0,0],"ix":1},"s":{"a":0,"k":[100,100],"ix":3},"r":{"a":0,"k":0,"ix":6},"o":{"a":0,"k":100,"ix":7},"sk":{"a":0,"k":0,"ix":4},"sa":{"a":0,"k":0,"ix":5},"nm":"Transform"}],"nm":"Group 2","np":2,"cix":2,"bm":0,"ix":2,"mn":"ADBE Vector Group","hd":false}],"ip":0,"op":900.000036657751,"st":0,"ct":1,"bm":0}]}],"layers":[{"ddd":0,"ind":1,"ty":0,"nm":"1","refId":"comp_0","sr":1,"ks":{"o":{"a":0,"k":100,"ix":11},"r":{"a":0,"k":0,"ix":10},"p":{"a":0,"k":[298,630,0],"ix":2,"l":2},"a":{"a":0,"k":[540,540,0],"ix":1,"l":2},"s":{"a":0,"k":[165,165,100],"ix":6,"l":2}},"ao":0,"w":1080,"h":1080,"ip":0,"op":900.000036657751,"st":0,"bm":0}],"markers":[]}