<?xml version="1.0" encoding="UTF-8"?>
<!DOCTYPE properties SYSTEM "http://java.sun.com/dtd/properties.dtd">
<properties>
    <comment>XML file</comment>
    <entry key="customerDataFile">data/customers.csv</entry>
    <entry key="orderDataFile">data/orders.csv</entry>
    <entry key="orderItemsDataFile">data/orders.xml</entry>

    <entry key="urlDB">jdbc:mysql://dam2.mysql.iesquevedo.es: 3335/ignacioLlorente_restaurant</entry>
    <entry key="user_name">root</entry>
    <entry key="password">quevedo2dam</entry>

    <entry key="driver">com.mysql.cj.jdbc.Driver</entry>
</properties>
